{
    "list": [
        {
            "id": 10238,
            "email": "eduardo@pingpong.com",
            "date": "14.10.2013"
        },
        {   
            "id": 10243,
            "email": "eduardo@pingpong.com",
            "date": "19.10.2013"
        },
        {
            "id": 10248,
            "email": "eduardo@pingpong.com",
            "date": "24.10.2013"
        },
        {
            "id": 10253,
            "email": "eduardo@pingpong.com",
            "date": "29.10.2013"
        },
        {
            "id": 10234,
            "email": "lila@google.com",
            "date": "10.10.2013"
        },
        {
            "id": 10239,
            "email": "lila@google.com",
            "date": "15.10.2013"
        },
        {
            "id": 10244,
            "email": "lila@google.com",
            "date": "20.10.2013"
        },
        {
            "id": 10249,
            "email": "lila@google.com",
            "date": "25.10.2013"
        },
        {
            "id": 10237,
            "email": "robert@bingo.com",
            "date": "13.10.2013"
        },
        {
            "id": 10242,
            "email": "robert@bingo.com",
            "date": "18.10.2013"
        },
        {
            "id": 10247,
            "email": "robert@bingo.com",
            "date": "23.10.2013"
        },
        {
            "id": 10252,
            "email": "robert@bingo.com",
            "date": "28.10.2013"
        },
        {
            "id": 10236,
            "email": "simon@yahoo.com",
            "date": "12.10.2013"
        },
        {
            "id": 10241,
            "email": "simon@yahoo.com",
            "date": "17.10.2013"
        },
        {
            "id": 10246,
            "email": "simon@yahoo.com",
            "date": "22.10.2013"
        },
        {
            "id": 10251,
            "email": "simon@yahoo.com",
            "date": "27.10.2013"
        },
        {
            "id": 10235,
            "email": "tim@microsoft.com",
            "date": "11.10.2013"
        },
        {
            "id": 10240,
            "email": "tim@microsoft.com",
            "date": "16.10.2013"
        },
        {
            "id": 10245,
            "email": "tim@microsoft.com",
            "date": "21.10.2013"
        },
        {
            "id": 10250,
            "email": "tim@microsoft.com",
            "date": "26.10.2013"
        }
    ]
}
        


                