{  
   "list":[
        {  

            "id":1,
            "img": "1.jpg",
            "user": "David Belle",
            "text": "Cum sociis natoque penatibus et magnis dis parturient montes"
        },
        {
            "id":2,
            "img": "2.jpg",
            "user": "Jonathan Morris",
            "text": "Nunc quis diam diamurabitur at dolor elementum, dictum turpis vel"
        },
        {
            "id":3,
            "img": "3.jpg",
            "user": "Fredric Mitchell Jr",
            "text": "Phasellus a ante et est ornare accumsan at vel magnauis blandit turpis at augue ultricies"
        },
        {
            "id":4,
            "img": "4.jpg",
            "user": "Glenn Jecobs",
            "text": "Ut vitae lacus sem ellentesque maximus, nunc sit amet varius dignissim, dui est consectetur neque"
        },
        {
            "id":5,
            "img": "5.jpg",
            "user": "Bill Phillips",
            "text": "Proin laoreet commodo eros id faucibus. Donec ligula quam, imperdiet vel ante placerat"
        }
   ]
}
