{
  "name": "angular-chosen-localytics",
  "repository": {
    "type": "git",
    "url": "git://github.com/leocaseiro/angular-chosen.git"
  },
  "main": "dist/angular-chosen.js",
  "ignore": [
    "gulpfile.js",
    "src",
    "test"
  ],
  "dependencies": {
    "jquery": "^2.0.3",
    "chosen": "^1.5.1",
    "angular": "^1.4.9"
  },
  "license": "MIT",
  "homepage": "https://github.com/leocaseiro/angular-chosen",
  "version": "1.6.0",
  "_release": "1.6.0",
  "_resolution": {
    "type": "version",
    "tag": "v1.6.0",
    "commit": "b021ac073b032b503fef102e412bc3fd5caa816d"
  },
  "_source": "https://github.com/leocaseiro/angular-chosen.git",
  "_target": "^1.6.0",
  "_originalSource": "angular-chosen-localytics",
  "_direct": true
}